"Sex","Age","Year","Population","AgeMin","AgeMax"
"Males","0 - 4",1996,662770,0,4
"Females","0 - 4",1996,628740,0,4
"Males","5 - 9",1996,666390,5,9
"Females","5 - 9",1996,634080,5,9
"Males","10 - 14",1996,667360,10,14
"Females","10 - 14",1996,635260,10,14
"Males","15 - 19",1996,651540,15,19
"Females","15 - 19",1996,620150,15,19
"Males","20 - 24",1996,704790,20,24
"Females","20 - 24",1996,683970,20,24
"Males","25 - 29",1996,706330,25,29
"Females","25 - 29",1996,703450,25,29
"Males","30 - 34",1996,717860,30,34
"Females","30 - 34",1996,720910,30,34
"Males","35 - 39",1996,723770,35,39
"Females","35 - 39",1996,726420,35,39
"Males","40 - 44",1996,673450,40,44
"Females","40 - 44",1996,676240,40,44
"Males","45 - 49",1996,651630,45,49
"Females","45 - 49",1996,637160,45,49
"Males","50 - 54",1996,514980,50,54
"Females","50 - 54",1996,494970,50,54
"Males","55 - 59",1996,417800,55,59
"Females","55 - 59",1996,405540,55,59
"Males","60 - 64",1996,352090,60,64
"Females","60 - 64",1996,354910,60,64
"Males","65 - 69",1996,335790,65,69
"Females","65 - 69",1996,353000,65,69
"Males","70 - 74",1996,274750,70,74
"Females","70 - 74",1996,325410,70,74
"Males","75 and over",1996,344050,75,100
"Females","75 and over",1996,559240,75,100
"Males","0 - 4",1997,662890,0,4
"Females","0 - 4",1997,628460,0,4
"Males","5 - 9",1997,672510,5,9
"Females","5 - 9",1997,639530,5,9
"Males","10 - 14",1997,667940,10,14
"Females","10 - 14",1997,637070,10,14
"Males","15 - 19",1997,650580,15,19
"Females","15 - 19",1997,619420,15,19
"Males","20 - 24",1997,684030,20,24
"Females","20 - 24",1997,665350,20,24
"Males","25 - 29",1997,721680,25,29
"Females","25 - 29",1997,721420,25,29
"Males","30 - 34",1997,707330,30,34
"Females","30 - 34",1997,712580,30,34
"Males","35 - 39",1997,734300,35,39
"Females","35 - 39",1997,739460,35,39
"Males","40 - 44",1997,683410,40,44
"Females","40 - 44",1997,688650,40,44
"Males","45 - 49",1997,647380,45,49
"Females","45 - 49",1997,639730,45,49
"Males","50 - 54",1997,555110,50,54
"Females","50 - 54",1997,534490,50,54
"Males","55 - 59",1997,432330,55,59
"Females","55 - 59",1997,418970,55,59
"Males","60 - 64",1997,359690,60,64
"Females","60 - 64",1997,361730,60,64
"Males","65 - 69",1997,335720,65,69
"Females","65 - 69",1997,350420,65,69
"Males","70 - 74",1997,280490,70,74
"Females","70 - 74",1997,326910,70,74
"Males","75 and over",1997,360790,75,100
"Females","75 and over",1997,582690,75,100
"Males","0 - 4",1998,659850,0,4
"Females","0 - 4",1998,625240,0,4
"Males","5 - 9",1998,678650,5,9
"Females","5 - 9",1998,645200,5,9
"Males","10 - 14",1998,669030,10,14
"Females","10 - 14",1998,638560,10,14
"Males","15 - 19",1998,654330,15,19
"Females","15 - 19",1998,623370,15,19
"Males","20 - 24",1998,666780,20,24
"Females","20 - 24",1998,647860,20,24
"Males","25 - 29",1998,726760,25,29
"Females","25 - 29",1998,728840,25,29
"Males","30 - 34",1998,698910,30,34
"Females","30 - 34",1998,705820,30,34
"Males","35 - 39",1998,742590,35,39
"Females","35 - 39",1998,748760,35,39
"Males","40 - 44",1998,691250,40,44
"Females","40 - 44",1998,698890,40,44
"Males","45 - 49",1998,651750,45,49
"Females","45 - 49",1998,650370,45,49
"Males","50 - 54",1998,588900,50,54
"Females","50 - 54",1998,569540,50,54
"Males","55 - 59",1998,446540,55,59
"Females","55 - 59",1998,431030,55,59
"Males","60 - 64",1998,369910,60,64
"Females","60 - 64",1998,370360,60,64
"Males","65 - 69",1998,333580,65,69
"Females","65 - 69",1998,347090,65,69
"Males","70 - 74",1998,286710,70,74
"Females","70 - 74",1998,329220,70,74
"Males","75 and over",1998,377620,75,100
"Females","75 and over",1998,604290,75,100
"Males","0 - 4",1999,656570,0,4
"Females","0 - 4",1999,623110,0,4
"Males","5 - 9",1999,684580,5,9
"Females","5 - 9",1999,649810,5,9
"Males","10 - 14",1999,673200,10,14
"Females","10 - 14",1999,642780,10,14
"Males","15 - 19",1999,661460,15,19
"Females","15 - 19",1999,631460,15,19
"Males","20 - 24",1999,654640,20,24
"Females","20 - 24",1999,636010,20,24
"Males","25 - 29",1999,724830,25,29
"Females","25 - 29",1999,727530,25,29
"Males","30 - 34",1999,697610,30,34
"Females","30 - 34",1999,707050,30,34
"Males","35 - 39",1999,746940,35,39
"Females","35 - 39",1999,753980,35,39
"Males","40 - 44",1999,702160,40,44
"Females","40 - 44",1999,710620,40,44
"Males","45 - 49",1999,658620,45,49
"Females","45 - 49",1999,661720,45,49
"Males","50 - 54",1999,610700,50,54
"Females","50 - 54",1999,594450,50,54
"Males","55 - 59",1999,466290,55,59
"Females","55 - 59",1999,449970,55,59
"Males","60 - 64",1999,382630,60,64
"Females","60 - 64",1999,381930,60,64
"Males","65 - 69",1999,331810,65,69
"Females","65 - 69",1999,344040,65,69
"Males","70 - 74",1999,292810,70,74
"Females","70 - 74",1999,331350,70,74
"Males","75 and over",1999,395250,75,100
"Females","75 and over",1999,626360,75,100
"Males","0 - 4",2000,653220,0,4
"Females","0 - 4",2000,620510,0,4
"Males","5 - 9",2000,688200,5,9
"Females","5 - 9",2000,653190,5,9
"Males","10 - 14",2000,680130,10,14
"Females","10 - 14",2000,648100,10,14
"Males","15 - 19",2000,671950,15,19
"Females","15 - 19",2000,643830,15,19
"Males","20 - 24",2000,649540,20,24
"Females","20 - 24",2000,630320,20,24
"Males","25 - 29",2000,716340,25,29
"Females","25 - 29",2000,721080,25,29
"Males","30 - 34",2000,704210,30,34
"Females","30 - 34",2000,714000,30,34
"Males","35 - 39",2000,744060,35,39
"Females","35 - 39",2000,752100,35,39
"Males","40 - 44",2000,715740,40,44
"Females","40 - 44",2000,724740,40,44
"Males","45 - 49",2000,663240,45,49
"Females","45 - 49",2000,670210,45,49
"Males","50 - 54",2000,630500,50,54
"Females","50 - 54",2000,619250,50,54
"Males","55 - 59",2000,487080,55,59
"Females","55 - 59",2000,470470,55,59
"Males","60 - 64",2000,398240,60,64
"Females","60 - 64",2000,394320,60,64
"Males","65 - 69",2000,329910,65,69
"Females","65 - 69",2000,342890,65,69
"Males","70 - 74",2000,297690,70,74
"Females","70 - 74",2000,331530,70,74
"Males","75 and over",2000,413440,75,100
"Females","75 and over",2000,648810,75,100
"Males","0 - 4",2001,653050,0,4
"Females","0 - 4",2001,620630,0,4
"Males","5 - 9",2001,689100,5,9
"Females","5 - 9",2001,653430,5,9
"Males","10 - 14",2001,688400,10,14
"Females","10 - 14",2001,655630,10,14
"Males","15 - 19",2001,684150,15,19
"Females","15 - 19",2001,655830,15,19
"Males","20 - 24",2001,654540,20,24
"Females","20 - 24",2001,635590,20,24
"Males","25 - 29",2001,694300,25,29
"Females","25 - 29",2001,699510,25,29
"Males","30 - 34",2001,722450,30,34
"Females","30 - 34",2001,735150,30,34
"Males","35 - 39",2001,736880,35,39
"Females","35 - 39",2001,746160,35,39
"Males","40 - 44",2001,729920,40,44
"Females","40 - 44",2001,740240,40,44
"Males","45 - 49",2001,670910,45,49
"Females","45 - 49",2001,679340,45,49
"Males","50 - 54",2001,648130,50,54
"Females","50 - 54",2001,643860,50,54
"Males","55 - 59",2001,509420,55,59
"Females","55 - 59",2001,492560,55,59
"Males","60 - 64",2001,411180,60,64
"Females","60 - 64",2001,405290,60,64
"Males","65 - 69",2001,333320,65,69
"Females","65 - 69",2001,344580,65,69
"Males","70 - 74",2001,301500,70,74
"Females","70 - 74",2001,332560,70,74
"Males","75 and over",2001,434570,75,100
"Females","75 and over",2001,672540,75,100
"Males","0 - 4",2002,650560,0,4
"Females","0 - 4",2002,618480,0,4
"Males","5 - 9",2002,686790,5,9
"Females","5 - 9",2002,650640,5,9
"Males","10 - 14",2002,695810,10,14
"Females","10 - 14",2002,662320,10,14
"Males","15 - 19",2002,689990,15,19
"Females","15 - 19",2002,661930,15,19
"Males","20 - 24",2002,668790,20,24
"Females","20 - 24",2002,646890,20,24
"Males","25 - 29",2002,682090,25,29
"Females","25 - 29",2002,681720,25,29
"Males","30 - 34",2002,738910,30,34
"Females","30 - 34",2002,751780,30,34
"Males","35 - 39",2002,728350,35,39
"Females","35 - 39",2002,737750,35,39
"Males","40 - 44",2002,745110,40,44
"Females","40 - 44",2002,755460,40,44
"Males","45 - 49",2002,681080,45,49
"Females","45 - 49",2002,689630,45,49
"Males","50 - 54",2002,644580,50,54
"Females","50 - 54",2002,643710,50,54
"Males","55 - 59",2002,545880,55,59
"Females","55 - 59",2002,532020,55,59
"Males","60 - 64",2002,423060,60,64
"Females","60 - 64",2002,416230,60,64
"Males","65 - 69",2002,341400,65,69
"Females","65 - 69",2002,352060,65,69
"Males","70 - 74",2002,301420,70,74
"Females","70 - 74",2002,329730,70,74
"Males","75 and over",2002,451660,75,100
"Females","75 and over",2002,689400,75,100
"Males","0 - 4",2003,650620,0,4
"Females","0 - 4",2003,618520,0,4
"Males","5 - 9",2003,682600,5,9
"Females","5 - 9",2003,647080,5,9
"Males","10 - 14",2003,703260,10,14
"Females","10 - 14",2003,667590,10,14
"Males","15 - 19",2003,693650,15,19
"Females","15 - 19",2003,666720,15,19
"Males","20 - 24",2003,686750,20,24
"Females","20 - 24",2003,663260,20,24
"Males","25 - 29",2003,676290,25,29
"Females","25 - 29",2003,673020,25,29
"Males","30 - 34",2003,747720,30,34
"Females","30 - 34",2003,761230,30,34
"Males","35 - 39",2003,720880,35,39
"Females","35 - 39",2003,730940,35,39
"Males","40 - 44",2003,755250,40,44
"Females","40 - 44",2003,765720,40,44
"Males","45 - 49",2003,692760,45,49
"Females","45 - 49",2003,702920,45,49
"Males","50 - 54",2003,647250,50,54
"Females","50 - 54",2003,650130,50,54
"Males","55 - 59",2003,578100,55,59
"Females","55 - 59",2003,566080,55,59
"Males","60 - 64",2003,433870,60,64
"Females","60 - 64",2003,427210,60,64
"Males","65 - 69",2003,350700,65,69
"Females","65 - 69",2003,360950,65,69
"Males","70 - 74",2003,299200,70,74
"Females","70 - 74",2003,325980,70,74
"Males","75 and over",2003,468700,75,100
"Females","75 and over",2003,705800,75,100
"Males","0 - 4",2004,651500,0,4
"Females","0 - 4",2004,618670,0,4
"Males","5 - 9",2004,679480,5,9
"Females","5 - 9",2004,645030,5,9
"Males","10 - 14",2004,708390,10,14
"Females","10 - 14",2004,671150,10,14
"Males","15 - 19",2004,697860,15,19
"Females","15 - 19",2004,670030,15,19
"Males","20 - 24",2004,703490,20,24
"Females","20 - 24",2004,677240,20,24
"Males","25 - 29",2004,675090,25,29
"Females","25 - 29",2004,668630,25,29
"Males","30 - 34",2004,748780,30,34
"Females","30 - 34",2004,760320,30,34
"Males","35 - 39",2004,720530,35,39
"Females","35 - 39",2004,730860,35,39
"Males","40 - 44",2004,759470,40,44
"Females","40 - 44",2004,770760,40,44
"Males","45 - 49",2004,706990,45,49
"Females","45 - 49",2004,717330,45,49
"Males","50 - 54",2004,652230,50,54
"Females","50 - 54",2004,657780,50,54
"Males","55 - 59",2004,597810,55,59
"Females","55 - 59",2004,589130,55,59
"Males","60 - 64",2004,450490,60,64
"Females","60 - 64",2004,444830,60,64
"Males","65 - 69",2004,361120,65,69
"Females","65 - 69",2004,371550,65,69
"Males","70 - 74",2004,297740,70,74
"Females","70 - 74",2004,322990,70,74
"Males","75 and over",2004,484980,75,100
"Females","75 and over",2004,720480,75,100
"Males","0 - 4",2005,656040,0,4
"Females","0 - 4",2005,621500,0,4
"Males","5 - 9",2005,677440,5,9
"Females","5 - 9",2005,643600,5,9
"Males","10 - 14",2005,710980,10,14
"Females","10 - 14",2005,673830,10,14
"Males","15 - 19",2005,705930,15,19
"Females","15 - 19",2005,673600,15,19
"Males","20 - 24",2005,719850,20,24
"Females","20 - 24",2005,694790,20,24
"Males","25 - 29",2005,680690,25,29
"Females","25 - 29",2005,671870,25,29
"Males","30 - 34",2005,745030,30,34
"Females","30 - 34",2005,755490,30,34
"Males","35 - 39",2005,729890,35,39
"Females","35 - 39",2005,738510,35,39
"Males","40 - 44",2005,758250,40,44
"Females","40 - 44",2005,769400,40,44
"Males","45 - 49",2005,719490,45,49
"Females","45 - 49",2005,731610,45,49
"Males","50 - 54",2005,658930,50,54
"Females","50 - 54",2005,666530,50,54
"Males","55 - 59",2005,615600,55,59
"Females","55 - 59",2005,610850,55,59
"Males","60 - 64",2005,469510,60,64
"Females","60 - 64",2005,465780,60,64
"Males","65 - 69",2005,372940,65,69
"Females","65 - 69",2005,381920,65,69
"Males","70 - 74",2005,297040,70,74
"Females","70 - 74",2005,322070,70,74
"Males","75 and over",2005,502030,75,100
"Females","75 and over",2005,735880,75,100
"Males","0 - 4",2006,664460,0,4
"Females","0 - 4",2006,630080,0,4
"Males","5 - 9",2006,678900,5,9
"Females","5 - 9",2006,645410,5,9
"Males","10 - 14",2006,710390,10,14
"Females","10 - 14",2006,673160,10,14
"Males","15 - 19",2006,714620,15,19
"Females","15 - 19",2006,678070,15,19
"Males","20 - 24",2006,736420,20,24
"Females","20 - 24",2006,712020,20,24
"Males","25 - 29",2006,696210,25,29
"Females","25 - 29",2006,685380,25,29
"Males","30 - 34",2006,733920,30,34
"Females","30 - 34",2006,740230,30,34
"Males","35 - 39",2006,749950,35,39
"Females","35 - 39",2006,758880,35,39
"Males","40 - 44",2006,752970,40,44
"Females","40 - 44",2006,763480,40,44
"Males","45 - 49",2006,731590,45,49
"Females","45 - 49",2006,746140,45,49
"Males","50 - 54",2006,670160,50,54
"Females","50 - 54",2006,677670,50,54
"Males","55 - 59",2006,628890,55,59
"Females","55 - 59",2006,629100,55,59
"Males","60 - 64",2006,490910,60,64
"Females","60 - 64",2006,487930,60,64
"Males","65 - 69",2006,382040,65,69
"Females","65 - 69",2006,391090,65,69
"Males","70 - 74",2006,300340,70,74
"Females","70 - 74",2006,323790,70,74
"Males","75 and over",2006,517670,75,100
"Females","75 and over",2006,749140,75,100
"Males","0 - 4",2007,686250,0,4
"Females","0 - 4",2007,650230,0,4
"Males","5 - 9",2007,680270,5,9
"Females","5 - 9",2007,647290,5,9
"Males","10 - 14",2007,709910,10,14
"Females","10 - 14",2007,672910,10,14
"Males","15 - 19",2007,729590,15,19
"Females","15 - 19",2007,691130,15,19
"Males","20 - 24",2007,757630,20,24
"Females","20 - 24",2007,725520,20,24
"Males","25 - 29",2007,722530,25,29
"Females","25 - 29",2007,708490,25,29
"Males","30 - 34",2007,726260,30,34
"Females","30 - 34",2007,730820,30,34
"Males","35 - 39",2007,772460,35,39
"Females","35 - 39",2007,783220,35,39
"Males","40 - 44",2007,746830,40,44
"Females","40 - 44",2007,757400,40,44
"Males","45 - 49",2007,747700,45,49
"Females","45 - 49",2007,762150,45,49
"Males","50 - 54",2007,681900,50,54
"Females","50 - 54",2007,691160,50,54
"Males","55 - 59",2007,625670,55,59
"Females","55 - 59",2007,628530,55,59
"Males","60 - 64",2007,528730,60,64
"Females","60 - 64",2007,526440,60,64
"Males","65 - 69",2007,397120,65,69
"Females","65 - 69",2007,403520,65,69
"Males","70 - 74",2007,308310,70,74
"Females","70 - 74",2007,331940,70,74
"Males","75 and over",2007,532480,75,100
"Females","75 and over",2007,763250,75,100
"Males","0 - 4",2008,710250,0,4
"Females","0 - 4",2008,672840,0,4
"Males","5 - 9",2008,683670,5,9
"Females","5 - 9",2008,651010,5,9
"Males","10 - 14",2008,710310,10,14
"Females","10 - 14",2008,672810,10,14
"Males","15 - 19",2008,743760,15,19
"Females","15 - 19",2008,703860,15,19
"Males","20 - 24",2008,782940,20,24
"Females","20 - 24",2008,743430,20,24
"Males","25 - 29",2008,759650,25,29
"Females","25 - 29",2008,740360,25,29
"Males","30 - 34",2008,728010,30,34
"Females","30 - 34",2008,730340,30,34
"Males","35 - 39",2008,788750,35,39
"Females","35 - 39",2008,800810,35,39
"Males","40 - 44",2008,744640,40,44
"Females","40 - 44",2008,754770,40,44
"Males","45 - 49",2008,762000,45,49
"Females","45 - 49",2008,775820,45,49
"Males","50 - 54",2008,693360,50,54
"Females","50 - 54",2008,704460,50,54
"Males","55 - 59",2008,631290,55,59
"Females","55 - 59",2008,637300,55,59
"Males","60 - 64",2008,559930,60,64
"Females","60 - 64",2008,557690,60,64
"Males","65 - 69",2008,410910,65,69
"Females","65 - 69",2008,416250,65,69
"Males","70 - 74",2008,317660,70,74
"Females","70 - 74",2008,340210,70,74
"Males","75 and over",2008,544940,75,100
"Females","75 and over",2008,775190,75,100
"Males","0 - 4",2009,731970,0,4
"Females","0 - 4",2009,693720,0,4
"Males","5 - 9",2009,689990,5,9
"Females","5 - 9",2009,656110,5,9
"Males","10 - 14",2009,711610,10,14
"Females","10 - 14",2009,674650,10,14
"Males","15 - 19",2009,751440,15,19
"Females","15 - 19",2009,711000,15,19
"Males","20 - 24",2009,813620,20,24
"Females","20 - 24",2009,767750,20,24
"Males","25 - 29",2009,801310,25,29
"Females","25 - 29",2009,776000,25,29
"Males","30 - 34",2009,738310,30,34
"Females","30 - 34",2009,738070,30,34
"Males","35 - 39",2009,796270,35,39
"Females","35 - 39",2009,808010,35,39
"Males","40 - 44",2009,750450,40,44
"Females","40 - 44",2009,761610,40,44
"Males","45 - 49",2009,770440,45,49
"Females","45 - 49",2009,784000,45,49
"Males","50 - 54",2009,709120,50,54
"Females","50 - 54",2009,720970,50,54
"Males","55 - 59",2009,639250,55,59
"Females","55 - 59",2009,647930,55,59
"Males","60 - 64",2009,579500,60,64
"Females","60 - 64",2009,578020,60,64
"Males","65 - 69",2009,430380,65,69
"Females","65 - 69",2009,435480,65,69
"Males","70 - 74",2009,329640,70,74
"Females","70 - 74",2009,350660,70,74
"Males","75 and over",2009,557510,75,100
"Females","75 and over",2009,786890,75,100
"Males","0 - 4",2010,746320,0,4
"Females","0 - 4",2010,707690,0,4
"Males","5 - 9",2010,697910,5,9
"Females","5 - 9",2010,662270,5,9
"Males","10 - 14",2010,710020,10,14
"Females","10 - 14",2010,674490,10,14
"Males","15 - 19",2010,749320,15,19
"Females","15 - 19",2010,710730,15,19
"Males","20 - 24",2010,824070,20,24
"Females","20 - 24",2010,780990,20,24
"Males","25 - 29",2010,826370,25,29
"Females","25 - 29",2010,800890,25,29
"Males","30 - 34",2010,749580,30,34
"Females","30 - 34",2010,748620,30,34
"Males","35 - 39",2010,794310,35,39
"Females","35 - 39",2010,806240,35,39
"Males","40 - 44",2010,762850,40,44
"Females","40 - 44",2010,774250,40,44
"Males","45 - 49",2010,770570,45,49
"Females","45 - 49",2010,784240,45,49
"Males","50 - 54",2010,723750,50,54
"Females","50 - 54",2010,736830,50,54
"Males","55 - 59",2010,648780,55,59
"Females","55 - 59",2010,659630,55,59
"Males","60 - 64",2010,597040,60,64
"Females","60 - 64",2010,597350,60,64
"Males","65 - 69",2010,451240,65,69
"Females","65 - 69",2010,457150,65,69
"Males","70 - 74",2010,344030,70,74
"Females","70 - 74",2010,360860,70,74
"Males","75 and over",2010,571680,75,100
"Females","75 and over",2010,801710,75,100
"Males","0 - 4",2011,748530,0,4
"Females","0 - 4",2011,709590,0,4
"Males","5 - 9",2011,712210,5,9
"Females","5 - 9",2011,675430,5,9
"Males","10 - 14",2011,711540,10,14
"Females","10 - 14",2011,676320,10,14
"Males","15 - 19",2011,746600,15,19
"Females","15 - 19",2011,706860,15,19
"Males","20 - 24",2011,823470,20,24
"Females","20 - 24",2011,788190,20,24
"Males","25 - 29",2011,841080,25,29
"Females","25 - 29",2011,817090,25,29
"Males","30 - 34",2011,769210,30,34
"Females","30 - 34",2011,766950,30,34
"Males","35 - 39",2011,782200,35,39
"Females","35 - 39",2011,791710,35,39
"Males","40 - 44",2011,786750,40,44
"Females","40 - 44",2011,800500,40,44
"Males","45 - 49",2011,764150,45,49
"Females","45 - 49",2011,777690,45,49
"Males","50 - 54",2011,739630,50,54
"Females","50 - 54",2011,754440,50,54
"Males","55 - 59",2011,662070,55,59
"Females","55 - 59",2011,673920,55,59
"Males","60 - 64",2011,611200,60,64
"Females","60 - 64",2011,614800,60,64
"Males","65 - 69",2011,474250,65,69
"Females","65 - 69",2011,480010,65,69
"Males","70 - 74",2011,357300,70,74
"Females","70 - 74",2011,370380,70,74
"Males","75 and over",2011,588050,75,100
"Females","75 and over",2011,817930,75,100
"Males","0 - 4",2012,767220,0,4
"Females","0 - 4",2012,727470,0,4
"Males","5 - 9",2012,729210,5,9
"Females","5 - 9",2012,690180,5,9
"Males","10 - 14",2012,712450,10,14
"Females","10 - 14",2012,677460,10,14
"Males","15 - 19",2012,749640,15,19
"Females","15 - 19",2012,710660,15,19
"Males","20 - 24",2012,831150,20,24
"Females","20 - 24",2012,797630,20,24
"Males","25 - 29",2012,860010,25,29
"Females","25 - 29",2012,838760,25,29
"Males","30 - 34",2012,797980,30,34
"Females","30 - 34",2012,791910,30,34
"Males","35 - 39",2012,776060,35,39
"Females","35 - 39",2012,781020,35,39
"Males","40 - 44",2012,808550,40,44
"Females","40 - 44",2012,825660,40,44
"Males","45 - 49",2012,759500,45,49
"Females","45 - 49",2012,774250,45,49
"Males","50 - 54",2012,753870,50,54
"Females","50 - 54",2012,769570,50,54
"Males","55 - 59",2012,673970,55,59
"Females","55 - 59",2012,689720,55,59
"Males","60 - 64",2012,609180,60,64
"Females","60 - 64",2012,616530,60,64
"Males","65 - 69",2012,507810,65,69
"Females","65 - 69",2012,514230,65,69
"Males","70 - 74",2012,370020,70,74
"Females","70 - 74",2012,384450,70,74
"Males","75 and over",2012,606350,75,100
"Females","75 and over",2012,830990,75,100
"Males","0 - 4",2013,782840,0,4
"Females","0 - 4",2013,741540,0,4
"Males","5 - 9",2013,749620,5,9
"Females","5 - 9",2013,709020,5,9
"Males","10 - 14",2013,714830,10,14
"Females","10 - 14",2013,680090,10,14
"Males","15 - 19",2013,752360,15,19
"Females","15 - 19",2013,713960,15,19
"Males","20 - 24",2013,839510,20,24
"Females","20 - 24",2013,806150,20,24
"Males","25 - 29",2013,874710,25,29
"Females","25 - 29",2013,857350,25,29
"Males","30 - 34",2013,830150,30,34
"Females","30 - 34",2013,822410,30,34
"Males","35 - 39",2013,775550,35,39
"Females","35 - 39",2013,777260,35,39
"Males","40 - 44",2013,820160,40,44
"Females","40 - 44",2013,839210,40,44
"Males","45 - 49",2013,757460,45,49
"Females","45 - 49",2013,774040,45,49
"Males","50 - 54",2013,765130,50,54
"Females","50 - 54",2013,782180,50,54
"Males","55 - 59",2013,684730,55,59
"Females","55 - 59",2013,704480,55,59
"Males","60 - 64",2013,615090,60,64
"Females","60 - 64",2013,627940,60,64
"Males","65 - 69",2013,536810,65,69
"Females","65 - 69",2013,542870,65,69
"Males","70 - 74",2013,381460,70,74
"Females","70 - 74",2013,397920,70,74
"Males","75 and over",2013,625760,75,100
"Females","75 and over",2013,845560,75,100
"Males","0 - 4",2014,791210,0,4
"Females","0 - 4",2014,750220,0,4
"Males","5 - 9",2014,769000,5,9
"Females","5 - 9",2014,727800,5,9
"Males","10 - 14",2014,718940,10,14
"Females","10 - 14",2014,682550,10,14
"Males","15 - 19",2014,754390,15,19
"Females","15 - 19",2014,716320,15,19
"Males","20 - 24",2014,848180,20,24
"Females","20 - 24",2014,813450,20,24
"Males","25 - 29",2014,882620,25,29
"Females","25 - 29",2014,873570,25,29
"Males","30 - 34",2014,854050,30,34
"Females","30 - 34",2014,850500,30,34
"Males","35 - 39",2014,776500,35,39
"Females","35 - 39",2014,778550,35,39
"Males","40 - 44",2014,822560,40,44
"Females","40 - 44",2014,840990,40,44
"Males","45 - 49",2014,758910,45,49
"Females","45 - 49",2014,780990,45,49
"Males","50 - 54",2014,771230,50,54
"Females","50 - 54",2014,790400,50,54
"Males","55 - 59",2014,697760,55,59
"Females","55 - 59",2014,719660,55,59
"Males","60 - 64",2014,621800,60,64
"Females","60 - 64",2014,641390,60,64
"Males","65 - 69",2014,555430,65,69
"Females","65 - 69",2014,562690,65,69
"Males","70 - 74",2014,398530,70,74
"Females","70 - 74",2014,415750,70,74
"Males","75 and over",2014,646780,75,100
"Females","75 and over",2014,862970,75,100
"Males","0 - 4",2015,797040,0,4
"Females","0 - 4",2015,755530,0,4
"Males","5 - 9",2015,788650,5,9
"Females","5 - 9",2015,747620,5,9
"Males","10 - 14",2015,724620,10,14
"Females","10 - 14",2015,686060,10,14
"Males","15 - 19",2015,752500,15,19
"Females","15 - 19",2015,717360,15,19
"Males","20 - 24",2015,856370,20,24
"Females","20 - 24",2015,819910,20,24
"Males","25 - 29",2015,895670,25,29
"Females","25 - 29",2015,890360,25,29
"Males","30 - 34",2015,874870,30,34
"Females","30 - 34",2015,877420,30,34
"Males","35 - 39",2015,785320,35,39
"Females","35 - 39",2015,787640,35,39
"Males","40 - 44",2015,819250,40,44
"Females","40 - 44",2015,835960,40,44
"Males","45 - 49",2015,767680,45,49
"Females","45 - 49",2015,794150,45,49
"Males","50 - 54",2015,769620,50,54
"Females","50 - 54",2015,790310,50,54
"Males","55 - 59",2015,710340,55,59
"Females","55 - 59",2015,735290,55,59
"Males","60 - 64",2015,628450,60,64
"Females","60 - 64",2015,653720,60,64
"Males","65 - 69",2015,573230,65,69
"Females","65 - 69",2015,583150,65,69
"Males","70 - 74",2015,416270,70,74
"Females","70 - 74",2015,434040,70,74
"Males","75 and over",2015,667780,75,100
"Females","75 and over",2015,879830,75,100
"Males","0 - 4",2016,807890,0,4
"Females","0 - 4",2016,765730,0,4
"Males","5 - 9",2016,804220,5,9
"Females","5 - 9",2016,763060,5,9
"Males","10 - 14",2016,735450,10,14
"Females","10 - 14",2016,696240,10,14
"Males","15 - 19",2016,755580,15,19
"Females","15 - 19",2016,719580,15,19
"Males","20 - 24",2016,864970,20,24
"Females","20 - 24",2016,829100,20,24
"Males","25 - 29",2016,907740,25,29
"Females","25 - 29",2016,906560,25,29
"Males","30 - 34",2016,892060,30,34
"Females","30 - 34",2016,902020,30,34
"Males","35 - 39",2016,801870,35,39
"Females","35 - 39",2016,805590,35,39
"Males","40 - 44",2016,807640,40,44
"Females","40 - 44",2016,819140,40,44
"Males","45 - 49",2016,785670,45,49
"Females","45 - 49",2016,819260,45,49
"Males","50 - 54",2016,762790,50,54
"Females","50 - 54",2016,785690,50,54
"Males","55 - 59",2016,723740,55,59
"Females","55 - 59",2016,752180,55,59
"Males","60 - 64",2016,637590,60,64
"Females","60 - 64",2016,667310,60,64
"Males","65 - 69",2016,589110,65,69
"Females","65 - 69",2016,603960,65,69
"Males","70 - 74",2016,436840,70,74
"Females","70 - 74",2016,453360,70,74
"Males","75 and over",2016,689900,75,100
"Females","75 and over",2016,899090,75,100
"Males","0 - 4",2017,811090,0,4
"Females","0 - 4",2017,767900,0,4
"Males","5 - 9",2017,814020,5,9
"Females","5 - 9",2017,772830,5,9
"Males","10 - 14",2017,757230,10,14
"Females","10 - 14",2017,716030,10,14
"Males","15 - 19",2017,760070,15,19
"Females","15 - 19",2017,722530,15,19
"Males","20 - 24",2017,878560,20,24
"Females","20 - 24",2017,840530,20,24
"Males","25 - 29",2017,924850,25,29
"Females","25 - 29",2017,924380,25,29
"Males","30 - 34",2017,908610,30,34
"Females","30 - 34",2017,924450,30,34
"Males","35 - 39",2017,828150,35,39
"Females","35 - 39",2017,833090,35,39
"Males","40 - 44",2017,797760,40,44
"Females","40 - 44",2017,806250,40,44
"Males","45 - 49",2017,807190,45,49
"Females","45 - 49",2017,841320,45,49
"Males","50 - 54",2017,754630,50,54
"Females","50 - 54",2017,781080,50,54
"Males","55 - 59",2017,738630,55,59
"Females","55 - 59",2017,767810,55,59
"Males","60 - 64",2017,649290,60,64
"Females","60 - 64",2017,682740,60,64
"Males","65 - 69",2017,586610,65,69
"Females","65 - 69",2017,606860,65,69
"Males","70 - 74",2017,470420,70,74
"Females","70 - 74",2017,487690,70,74
"Males","75 and over",2017,716670,75,100
"Females","75 and over",2017,922600,75,100
"Males","0 - 4",2018,812870,0,4
"Females","0 - 4",2018,769370,0,4
"Males","5 - 9",2018,823410,5,9
"Females","5 - 9",2018,781040,5,9
"Males","10 - 14",2018,779170,10,14
"Females","10 - 14",2018,736550,10,14
"Males","15 - 19",2018,765110,15,19
"Females","15 - 19",2018,725900,15,19
"Males","20 - 24",2018,890600,20,24
"Females","20 - 24",2018,849380,20,24
"Males","25 - 29",2018,940780,25,29
"Females","25 - 29",2018,936550,25,29
"Males","30 - 34",2018,921260,30,34
"Females","30 - 34",2018,941300,30,34
"Males","35 - 39",2018,857580,35,39
"Females","35 - 39",2018,864770,35,39
"Males","40 - 44",2018,793310,40,44
"Females","40 - 44",2018,800590,40,44
"Males","45 - 49",2018,819000,45,49
"Females","45 - 49",2018,851890,45,49
"Males","50 - 54",2018,749470,50,54
"Females","50 - 54",2018,779530,50,54
"Males","55 - 59",2018,749980,55,59
"Females","55 - 59",2018,779400,55,59
"Males","60 - 64",2018,661440,60,64
"Females","60 - 64",2018,697960,60,64
"Males","65 - 69",2018,589970,65,69
"Females","65 - 69",2018,617030,65,69
"Males","70 - 74",2018,500020,70,74
"Females","70 - 74",2018,517920,70,74
"Males","75 and over",2018,743430,75,100
"Females","75 and over",2018,946300,75,100
